<?xml version = '1.0' encoding = 'UTF-8'?>
<FKIndexAssociation class="oracle.dbtools.crest.model.design.relational.FKIndexAssociation" directorySegmentName="seg_0" id="7964E383-9E1A-87F5-EC86-5242850AA040" containerWithKeyObject="EEA8BF6F-2722-72D0-94A2-7A68EBB7268D" localFKIndex="F97135FC-3957-8FB0-B7D8-8A232ACE2285" name="VINCULAR_OBRA_FK">
<createdBy>Antonio Gonzalez</createdBy>
<createdTime>2024-04-24 17:30:35 UTC</createdTime>
<ownerDesignName>Tablas_practica_2</ownerDesignName>
<referredTableLongName>OBRA</referredTableLongName>
<deleteRule>NO ACTION</deleteRule>
<referredTableID>3B541EFE-053B-6E45-BF85-AAC3D5034ED0</referredTableID>
<keyObject>3F22A0A4-E9BF-036A-70ED-1B0443E4EDFA</keyObject>
<referredKeyID>3F22A0A4-E9BF-036A-70ED-1B0443E4EDFA</referredKeyID>
<mandatory>true</mandatory>
<refColNames>ID_OBRA</refColNames>
<transferable>true</transferable>
<rely>false</rely>
<columnDependencyConstraintGenerateInDDL>true</columnDependencyConstraintGenerateInDDL>
</FKIndexAssociation>